token,tag
Depth of Field,Arquitetura
Shot with TelePhoto Lens,Arquitetura
Fisheye,Arquitetura
Tiltshift,Arquitetura
Bokeh,Arquitetura
Macro Photo,Arquitetura
Motion Blur,Arquitetura
Soft Focus,Arquitetura
Establishing Shot Composition,Arquitetura
Aerial Drone Photo,Arquitetura
Shot with DSLR,Arquitetura
Film Photo,Arquitetura
GoPro Photo,Arquitetura
Infrared Photo,Arquitetura
Polaroid Photo,Arquitetura
Thermal Photo,Arquitetura
Undewater Photo,Arquitetura
X-Ray,Arquitetura
Low Angle,Arquitetura
High Angle,Arquitetura
Wide Angle,Arquitetura
Bird's-Eye-View,Arquitetura
Vertical View,Arquitetura
Satellite View,Arquitetura
Street View,Arquitetura
Ultraviolet Photo,Arquitetura
Nightvision,Arquitetura
Lens Flare,Arquitetura
First Person,Arquitetura
POV,Arquitetura
Shot with Analog,Arquitetura
Close-up,Arquitetura
Distant View,Arquitetura
Front View,Arquitetura
Panoramic,Arquitetura
Side View,Arquitetura
Top-down,Arquitetura
Upside-down,Arquitetura
Studio Lighting,Arquitetura
Ambient Light,Arquitetura
Backlight,Arquitetura
Cold Blue Light,Arquitetura
Cold white light,Arquitetura
Diffused Light,Arquitetura
Dynamic Light,Arquitetura
Golden Hour,Arquitetura
Hard Light,Arquitetura
Moonlight,Arquitetura
Natural Light,Arquitetura
Neon Lights,Arquitetura
Side Lighting,Arquitetura
Soft Light,Arquitetura
Soft Shadow,Arquitetura
Spot Light,Arquitetura
Volumetric Light,Arquitetura
Warm Light,Arquitetura
Artificial Light,Arquitetura
Adventurous,Arquitetura
Angry,Arquitetura
Appetizing,Arquitetura
Bored,Arquitetura
Calm,Arquitetura
Charming,Arquitetura
Confidence,Arquitetura
Curious,Arquitetura
Delicious,Arquitetura
Determination,Arquitetura
Dreamy,Arquitetura
Elegant,Arquitetura
Enchanting,Arquitetura
Enigmatic,Arquitetura
Ethereal,Arquitetura
Exquisite,Arquitetura
Fearless,Arquitetura
Glamouros,Arquitetura
Happy,Arquitetura
Humorous,Arquitetura
Imaginative,Arquitetura
Joyful,Arquitetura
Majestic,Arquitetura
Melancholic,Arquitetura
Mesmerizing,Arquitetura
Mysterious,Arquitetura
Neat,Arquitetura
Peaceful,Arquitetura
Playful,Arquitetura
Quirky,Arquitetura
Radiant,Arquitetura
Romantic,Arquitetura
Sad,Arquitetura
Serene,Arquitetura
Sophisticated,Arquitetura
Weird,Arquitetura
Whimsical,Cameras
Wild,Cameras
Zen,Cameras
Bronze,Cameras
Carbon Fiber,Cameras
Ceramic,Cameras
Cloth,Cameras
Concrete,Cameras
Crystal,Cameras
Diamond,Cameras
Esmerald,Cameras
Fire,Cameras
Fur,Cameras
Gold,Cameras
Hardsurface,Cameras
Ice,Cameras
Iron,Cameras
Leather,Cameras
Made of Glass,Cameras
Marble,Cameras
Metal,Cameras
Obsidian,Cameras
Paper,Cameras
Plastic,Cameras
Rubber,Cameras
Ruby,Cameras
Sand,Cameras
Silicone,Cameras
Silver,Cameras
Stone,Cameras
Titanium,Cameras
Turquoise,Cameras
Velvet,Cameras
Water,Cameras
Wax,Cameras
Wood,Cameras
Wool,Cameras
Abandoned amusement park,Cameras
Abandoned building,Cameras
Alien planet landscape,Cameras
Ancient ruins,Composição
Art gallery,Composição
Avatar-inspired Pandora landscape,Composição
Beach,Composição
Blade Runner-inspired urban sprawl,Composição
Blooming botanical garden,Composição
Bohemian street market,Composição
Chic rooftop bar cityscape backdrop,Composição
Clean white background,Composição
Colorful fairground,Composição
Contemporary dance studio,Composição
Cozy coffee shop,Composição
Cyberpunk cityscape,Composição
Decadent tea room,Composição
Doctor Who-inspired TARDIS interior,Composição
Dystopian mega-city,Composição
Elegant ballroom,Composição
Enchanted forest,Composição
Ethereal greenhouse,Composição
Exotic Moroccan riad,Composição
Flower field,Composição
Futuristic eco-city,Composição
Futuristic space station,Composição
Futuristic sports arena,Composição
Galactic spaceport,Composição
Glamorous dressing room,Composição
Graffiti-covered alleyway,Composição
Grand museum hall,Composição
Historic castle,Composição
Historic Victorian mansion,Composição
Hogwarts-inspired castle,Cores
Ice-skating rink,Cores
Inception-inspired dream,Cores
Industrial loft space,Cores
Industrial warehouse,Cores
Lavish palace,Cores
Lighthouse by the sea,Cores
Local park,Cores
Luxurious hotel suite,Cores
Matrix-inspired simulation,Cores
Middle-earth inspired location,Cores
Minimalist art installation,Cores
Modern indoor setting,Cores
Modern office building,Cores
Moody forest clearing,Cores
Mountain landscape,Cores
Neon-lit arcade,Cores
Nightclub setting,Cores
Nostalgic 8-bit gaming world,Cores
Old library,Cores
Open desert,Cores
Ornate Turkish bathhouse,Cores
Photo Studio,Cores
Post-apocalyptic wasteland,Cores
Retro diner,Cores
Retro laundromat,Cores
Rolling countryside,Cores
Rooftop terrace,Cores
Rustic barn,Cores
Rustic farmhouse,Cores
Secluded waterfall,Cores
Serene lakeside,Cores
Serene zen garden,Cores
Snowy landscape,Cores
Sophisticated yacht,Cores
Sports stadium,Cores
Steampunk airship hangar,Cores
Street Environment,Cores
Train Station,Cores
Tron-inspired digital realm,Cores
Tropical jungle,Cores
Underground speakeasy,Cores
Underwater scene,Cores
Urban City Street,Cores
Urban outdoor setting,Cores
Vineyard,Cores
Vintage train car,Estilos
Virtual reality gaming arena,Estilos
Whimsical circus tent,Estilos
Colorful,Estilos
Cozy,Estilos
Dramatic,Estilos
Stunning,Estilos
Timeless,Estilos
Soft Pastel Tones,Estilos
Mute Colors,Estilos
Redscale Coloring,Estilos
Teal and Orange,Estilos
Monochrome,Estilos
Duotone,Estilos
Grayscale,Estilos
Analogous Colors,Estilos
Complementary Colors,Estilos
Retro Color Palette,Estilos
Alien Architecture,Estilos
Art Deco Architecture,Estilos
Art Nouveau Architecture,Estilos
Artificial Intelligence Architecture,Estilos
Asteroid Base Architecture,Estilos
Baroque Architecture,Estilos
Bauhaus Architecture,Estilos
Beaux-Arts Architecture,Estilos
Bioengineered Architecture,Estilos
Biomimetic Architecture,Estilos
Blobitecture,Estilos
Brutalist Architecture,Estilos
Byzantine Architecture,Estilos
Candyland Architecture,Estilos
Carbon-Neutral Architecture,Estilos
Colonial Architecture,Estilos
Constructivist Architecture,Estilos
Cybernetic Architecture,Estilos
Cyberspace Architecture,Estilos
Digital Architecture,Estilos
Deconstructivist Architecture,Estilos
Eco-Friendly Architecture,Estilos
Egyptian Revival Architecture,Estilos
Exoplanet Colony Architecture,Estilos
Expressionist Architecture,Estilos
Floating City Architecture,Estilos
Folding Architecture,Estilos
Generative Design Architecture,Estilos
Georgian Architecture,Estilos
Gothic Architecture,Estilos
Greek Revival Architecture,Estilos
Green Architecture,Estilos
Hallucinogenic Architecture,Estilos
High-Tech Architecture,Estilos
Holographic Architecture,Estilos
International Style Architecture,Estilos
Interstellar Architecture,Estilos
Islamic Architecture,Estilos
Italianate Architecture,Estilos
Jacobean Architecture,Estilos
Japanese Architecture,Estilos
Kinetic Architecture,Estilos
Living Architecture,Estilos
Lunar Colony Architecture,Estilos
Martian Architecture,Estilos
Megastructure Architecture,Estilos
Metamorphic Architecture,Estilos
Microarchitecture,Estilos
Modernist Architecture,Estilos
Modular Architecture,Estilos
Nanotechnology Architecture,Estilos
Neo-Gothic Architecture,Estilos
Neo-Renaissance Architecture,Estilos
Neoclassical Architecture,Estilos
Net-Zero Energy Architecture,Estilos
Orbital Habitat Architecture,Estilos
Organic Architecture,Estilos
Origami-Inspired Architecture,Estilos
Parametric Architecture,Estilos
Performative Architecture,Estilos
Post-Apocalyptic Architecture,Estilos
Postmodern Architecture,Estilos
Prairie Style Architecture,Estilos
Psychedelic Architecture,Estilos
Queen Anne Architecture,Estilos
Quicksand Architecture,Fashion
Renaissance Architecture,Fashion
Robotic Architecture,Fashion
Romanesque Architecture,Fashion
Russian Revival Architecture,Fashion
Self-Healing Architecture,Fashion
Smart Architecture,Fashion
Solarpunk Architecture,Fashion
Space Elevator Architecture,Fashion
Space Habitat Architecture,Fashion
Spanish Colonial Architecture,Fashion
Streamline Moderne Architecture,Fashion
Subterranean Architecture,Fashion
Sustainable Architecture,Fashion
Time Traveler's Architecture,Fashion
Translucent Architecture,Fashion
Transparent Architecture,Fashion
Tudor Revival Architecture,Fashion
Underwater City Architecture,Fashion
Usonian Architecture,Fashion
Vertical Farming Architecture,Fashion
Victorian Architecture,Fashion
Virtual Reality Architecture,Fashion
Virtual World Architecture,Fashion
Warp Drive Architecture,Fashion
Whimsy Wonderland Architecture,Fashion
Xenomorphic Architecture,Fashion
Zoetropic Architecture,Fashion
Activewear Clothing,Fashion
Androgynous Clothing,Fashion
Artistic Clothing,Fashion
Avant-garde Clothing,Fashion
Bohemian Clothing,Fashion
Boho-chic Clothing,Fashion
Business Attire,Fashion
Casual Clothing,Fashion
Cosplay Clothing,Fashion
Cyberpunk Clothing,Fashion
Designer Clothing,Fashion
Disco-era Clothing,Fashion
Emo Clothing,Fashion
Ethnic Clothing,Fashion
Festival Clothing,Fashion
Flapper-style Clothing,Fashion
Formal Clothing,Fashion
Gothic Clothing,Fashion
Grunge Clothing,Fashion
Harajuku Clothing,Fashion
High-Fashion Clothing,Fashion
Hip-hop Clothing,Fashion
Hipster Clothing,Fashion
Kawaii Clothing,Fashion
Luxury Clothing,Fashion
Military-inspired Clothing,Fashion
Minimalist Clothing,Fashion
Nautical Clothing,Fashion
Neoclassical Clothing,Fashion
Preppy Clothing,Fashion
Punk Rock Clothing,Fashion
Regency-era Clothing,Fashion
Resort Wear Clothing,Fashion
Retro-futuristic Clothing,Fashion
Rockabilly Clothing,Fashion
Romantic Clothing,Fashion
Safari-inspired Clothing,Fashion
Sci-fi Clothing,Fashion
Sportswear Clothing,Fashion
Steampunk Clothing,Fashion
Street Goth Clothing,Fashion
Sustainable Clothing,Fashion
Swinging Sixties Clothing,Fashion
Techwear Clothing,Locais
Urban Chic Clothing,Locais
Victorian-era Clothing,Locais
Vintage Clothing,Locais
Western Clothing,Locais
Y2K Clothing,Locais
Athleisure Clothing,Locais
Collegiate,Locais
Glam Rock,Locais
Normcore,Locais
Rave Wear,Locais
Workwear,Locais
Diagonal Composition,Locais
Juxtaposition,Locais
Extreme Close-Up,Locais
Split-Perspective,Locais
Neo-Vintage Fusion,Locais
Solarpunk Chic,Locais
Data Aesthetic Clothing,Locais
Oversized clothing,Locais
Cottagecore Clothing,Locais
Beachwear Clothing,Locais
Streetwear Clothing,Locais
Dandy Style Clothing,Locais
Hypebeast Clothing,Locais
Effortless Chic clothing,Locais
E-Girl Style Clothing,Locais
Gender-fluid Fashion,Locais
Hippie Clothing,Locais
E-Boy Style Clothing,Locais
Japanese Street Fashion,Locais
Dark Academia Clothing,Locais
Backlit Silhouette,Locais
Low Key,Locais
Vignette,Locais
1990s Documentary Film,Locais
1940s retro sci-fi film,Locais
Ektachrome film still,Locais
35mm Cinematic Shot,Locais
Kodachrome film,Locais
Documentary film,Locais
Technicolor film,Locais
AGFA vista film,Locais
Fujifilm Superia 400,Locais
Lomography Color Negative 800,Locais
CineStill 800T,Locais
Fujichrome Velvia 50,Locais
Kodak Ektar 100,Locais
Kodak Portra 400,Locais
Kodak Gold 200,Locais
Insta360,Locais
Grainy Film Negative,Locais
Magical film still,Locais
Shot From Behind,Locais
Tilted Angle Shot,Locais
Medium Side-angle Shot,Locais
Centered View,Locais
Eye-Level Composition,Locais
Off-Center,Locais
Medium-Full Shot,Locais
Full-Body Shot,Locais
Isolated on White,Locais
[Blue] Side Lighting,Locais
Natural Brown Tones,Locais
Muted Naturals' coloring,Locais
Scarlet/Cerulean,Locais
Earthy palette,Locais
Jewel-toned palette,Locais
Isolated on Black,Locais
Burnt Orange and Periwinkle Azure,Locais
Paisley Maxi,Locais
Floral Maxi,Locais
Tropical Brights,Locais
Soft Blues and Yellows,Locais
Moody Dark Tones,Locais
Smoky Grays,Locais
Cool Pastels,Locais
Vivid Pop Colors,Locais
Sepia Tones,Locais
Forest Greens,Locais
Cyberpunk Neon,Locais
Sunset Hues,Locais
Pink-Purple-Blue,Luzes
Navy and Orange,Luzes
Indigo and Lavender,Luzes
Light Blue and Crimson Pink,Luzes
Marigold and Dark Brown,Luzes
Purple and Green,Luzes
Blue,Luzes
Red,Luzes
Yellow,Luzes
Blue and Brown,Luzes
Brown-Tan-Orange,Luzes
Brown-Mustard-Yellow-Green,Luzes
Plum-Purple-Viola-Seafoam-Green,Luzes
Blue-Red-Yellow,Luzes
Muted Yellow,Luzes
Green and Gray,Luzes
Clear Sky,Luzes
Sunrise,Luzes
Sunset,Luzes
Morning Mist,Luzes
Partly Cloudy,Luzes
Rainy,Materiais
Snowy,Materiais
Cloudy,Materiais
Foggy,Materiais
Hazey,Materiais
Twilight,Materiais
Night,Materiais
Misty Atmosphere,Materiais
Evening,Materiais
Spring,Materiais
Summer,Materiais
Winter,Materiais
Linen,Materiais
Nylon,Materiais
Hemp,Materiais
Copper,Materiais
Mithril,Materiais
Quartz,Materiais
Aluminium,Materiais
Bamboo,Materiais
Fiberglass,Materiais
Neoprene,Materiais
Icepunk Style,Materiais
Gen Z Maximalism,Materiais
Goofcore Style,Materiais
Celtic Aesthetic,Materiais
Cabincore Aesthetic,Materiais
Barbiecore Aesthetic,Materiais
Bastardcore Aesthetic,Materiais
Australian Outback Aesthetic,Materiais
Vintage Style,Materiais
Victorian Style,Materiais
Vibrant,Materiais
Utopian Style,Materiais
Urban Style,Materiais
Synthwave,Materiais
Surrealism,Materiais
Street Art,Materiais
Stained glass,Materiais
Sleek,Materiais
Satirical Style,Materiais
Retro Futurism,Materiais
Retro Style,Materiais
Renaissance,Materiais
Realistic,Modificador
Postmodern,Modificador
Neo-Classical,Modificador
Naturalistic,Modificador
Minimalistic,Mood
Iridescent,Mood
Impressionistic,Mood
Holographic,Mood
High-tech,Mood
Grunge,Mood
Graffiti,Mood
Glitch,Mood
Fractal,Mood
Folk art Style,Mood
Fantasy,Mood
Dadaism,Mood
Cubism,Mood
Cosmic Style,Mood
Conceptual Style,Mood
Collage,Mood
Classic Style,Mood
Byzantine Style,Mood
Baroque Style,Mood
Acid,Mood
Fauvism,Mood
Fine Art,Mood
Geometric,Mood
Contemporary,Mood
Kaleidoscopic,Mood
Modern,Mood
Pop Art,Mood
Psychedelic,Mood
Rustic,Mood
Neumorphism,Mood
Glassmorphism,Mood
Abstract,Mood
Art Deco,Mood
Elfpunk,Mood
Biofuturism,Mood
Technofuturism,Mood
Pastelfuturism,Mood
Witchcore,Mood
Solarpunk,Mood
Dieselpunk,Mood
Avant-garde,Mood
Cybergrunge,Mood
Vaporwave,Mood
Spy Fiction,Mood
Neo-Tokyo,Mood
Steampunk,Mood
Cyberpunk,Mood
Scifi,Mood
Futuristic,Mood
Industrial Aesthetic,Mood
Autumn Aesthetic,Mood
Artificial Nature Aesthetic,Mood
Arcade Aesthetic,Mood
Animecore Aesthetic,Mood
Adventurecore,Mood
Ancient Egypt Aesthetic,Mood
Alien Aesthetic,Mood
Zoomorphic,Mood
Watercolor,Mood
Afrofuturism,Mood
Hyperrealistic,Mood
